アイアン（ゴルフクラブ）,資源品（金属類）
IHクッキングヒーター：卓上,不燃ごみ
IHクッキングヒーター：ビルトイン,資源品（金属類）
アイコス（加熱式たばこ）：本体（ホルダー，チャージャー）,有害ごみ
アイコス（加熱式たばこ）：たばこ部分（ヒートスティック）,可燃ごみ
ICレコーダー,不燃ごみ，小型家電
アイスノン,可燃ごみ
アイスピック,資源品（金属類）（空カン袋）
アイロン,不燃ごみ
アイロン台：掛け面がプラスチック製,不燃ごみ
アイロン台：掛け面が金属製,資源品（金属類）
アイロンプリント紙(昇華転写紙),可燃ごみ
青焼きコピー紙,可燃ごみ
空き箱：厚紙等,資源品（雑誌・ざつ紙類）
空き箱：段ボール,資源品（段ボール）
空き箱：木箱,不燃ごみ
アコーディオンカーテン：金属製,資源品（金属類）
アコーディオンカーテン：プラスチック製,不燃ごみ
足踏み健康器具,資源品（金属類）
足踏みミシン,資源品（金属類）
アタッシュケース：アルミ製,資源品（金属類）
アタッシュケース：その他の材質,不燃ごみ
アダプター,資源品（金属類）
厚紙,資源品（雑誌・ざつ紙類）
圧着はがき,可燃ごみ
圧力釜,資源品（金属類）
圧力鍋,資源品（金属類）
後飾り（白木製）,不燃ごみ
油（食用油）,可燃ごみ
油絵,不燃ごみ
油紙,可燃ごみ
油こし容器,資源品（金属類）
油取り紙,可燃ごみ
油の凝固剤,可燃ごみ
油（食用油）の容器：プラスチックボトル,容器包装プラスチック類
油（食用油）の容器：ビン,資源品（空ビン類）
油撥ね防止ガード：金属製（アルミ等）,資源品（金属類）
雨合羽（ビニール製）,不燃ごみ
雨戸（1〜2枚）：アルミ製,資源品（金属類）
雨戸（1〜2枚）：木製,不燃ごみ
網：ナイロン製,不燃ごみ
網：スチール製,資源品（金属類）
編み機,資源品（金属類）
網戸：アルミ製枠,資源品（金属類）
網戸：プラスチック製枠/木製枠,不燃ごみ
網戸（網部分のみ）：ナイロン製,不燃ごみ
網戸（網部分のみ）：スチール製,資源品（金属類）
編み針・編み棒：金属製,資源品（金属類）（空カン袋）
編み針・編み棒：プラスチック製,不燃ごみ
編み針・編み棒：木製,可燃ごみ
アルバム：厚くしっかりしたもの,不燃ごみ
アルバム：薄く簡易なもの,可燃ごみ
アルミガード,資源品（金属類）
アルミサッシ：アルミ枠のみ,資源品（金属類）
アルミサッシ：ガラスのみ,不燃ごみ
アルミサッシ：ガラス付アルミ枠,不燃ごみ
アルミ製品,資源品（金属類）
アルミホイル：ホイル,資源品（金属類）（空カン袋）
アルミホイル：箱,資源品（雑誌・ざつ紙類）
アルミホイル：金属の刃,資源品（金属類）（空カン袋）
アルミホイル：芯,可燃ごみ
アルミホイール（車部品）,資源品（金属類）
泡立て器：手で使用するもの,資源品（金属類）（空カン袋）
泡立て器：電動のもの,不燃ごみ
あんか,不燃ごみ
安全剃刀：本体が金属製,資源品（金属類）（空カン袋）
安全剃刀：本体がプラスチック製,不燃ごみ
安全靴,不燃ごみ
安全ピン,資源品（金属類）（空カン袋）
アンテナ（室内用，室外用，BS用とも）,資源品（金属類）
アンテナケーブル,資源品（金属類）
アンプ,不燃ごみ
いぐさ,不燃ごみ
石：水槽用などの少量の砂利,可燃ごみ
石：自己施工したもの,収集できないごみ
石うす,収集できないごみ
衣装ケース：金属製,資源品（金属類）
衣装ケース：プラスチック製,不燃ごみ
衣装ケース：紙製,資源品（雑誌・ざつ紙類）
椅子：脚などが金属製,資源品（金属類）
椅子：木製，プラスチック製,不燃ごみ
板：木製（長さ1.2m未満かつ厚さ5cm）,不燃ごみ
板：プラスチック製,不燃ごみ
板：金属製,資源品（金属類）
板ガラス,不燃ごみ
いちごパック,容器包装プラスチック類
一輪車（スポーツ用）,資源品（金属類）
一輪車（作業用；通称ねこ車）,資源品（金属類）
一斗缶（18リットル缶）,資源品（金属類）
ETC車載ユニット,不燃ごみ，小型家電
糸：縫い糸,可燃ごみ
糸：釣り糸,可燃ごみ
糸のこぎり,資源品（金属類）
井戸用ポンプ,資源品（金属類）
犬小屋（プラスチック製，木製とも）,不燃ごみ
犬の糞,可燃ごみ
鋳物鍋,資源品（金属類）
イヤホン,不燃ごみ，小型家電
医療系廃棄物（在宅医療に用いたもの）,収集できないごみ
衣類,資源品（古着・古布類）
衣類カバー,不燃ごみ
衣類乾燥機,収集できないごみ
入れ歯,不燃ごみ
色鉛筆,可燃ごみ
色紙（いろがみ）,資源品（雑誌・ざつ紙類）
印画紙の写真,可燃ごみ
印鑑,可燃ごみ
インクカートリッジ,不燃ごみ
インクジェット写真用紙,可燃ごみ
インクリボン（プリンタ用）,不燃ごみ
インテリア暖炉ヒーター,不燃ごみ
インターホン,不燃ごみ
ウィッグ：付け毛,可燃ごみ
ウィッグ：美容師の練習用マネキン,不燃ごみ
ウインドサーフィン用ボード,粗大ごみ
ウインドブレーカー,資源品（古着・古布類）
植木：太さ5cm以内,可燃ごみ
植木：太さ5cmを超える,収集できないごみ
植木ばさみ（柄つき）,資源品（金属類）
植木鉢：金属製,資源品（金属類）
植木鉢：プラスチック製,不燃ごみ
ウエストポーチ,不燃ごみ
ウエットスーツ,不燃ごみ
ウエットティッシュ,可燃ごみ
ウォーキングマシン,資源品（金属類）
ウォーターサーバー(家庭使用),粗大ごみ
ウォーターベッド,粗大ごみ
浮き輪,不燃ごみ
うす,粗大ごみ
うちわ,不燃ごみ
ウッド（ゴルフクラブ）,資源品（金属類）
ウッドカーペット,不燃ごみ
腕時計,不燃ごみ，小型家電
乳母車：金属製フレーム,資源品（金属類）
乳母車：プラスチック製フレーム,不燃ごみ
梅酒ビン,不燃ごみ
羽毛布団,粗大ごみ
ウレタン,不燃ごみ
ウレタンマット,不燃ごみ
運動靴,不燃ごみ
エアコン,収集できないごみ
エアロバイク,資源品（金属類）
映写機：金属製,資源品（金属類）
映写機：プラスチック製,不燃ごみ
HDDレコーダー,不燃ごみ，小型家電
液晶テレビ,収集できないごみ
ACアダプター,資源品（金属類）
STB（セットトップボックス）,不燃ごみ，小型家電
枝切りはさみ,資源品（金属類）
柄付きたわし,不燃ごみ
絵の具チューブ：金属製,資源品（金属類）（空カン袋）
絵の具チューブ：プラスチック製,容器包装プラスチック類
AVケーブル,資源品（金属類）
エプロン,資源品（古着・古布類）
絵本,資源品（雑誌・ざつ紙類）
MO,不燃ごみ
MD,不燃ごみ
MDプレーヤー,不燃ごみ，小型家電
LED電球,不燃ごみ
LD,不燃ごみ
LDプレーヤー,不燃ごみ，小型家電
エレキギター,不燃ごみ
エレクトーン,粗大ごみ
エンジンオイル：液状,収集できないごみ
エンジンオイル：固形にしたもの,可燃ごみ
延長コード,資源品（金属類）
鉛筆,可燃ごみ
鉛筆削り器,不燃ごみ
オアシス（吸水フォーム）,可燃ごみ
オイル処理ボックス,可燃ごみ
オイルヒーター,資源品（金属類）
お飾り（正月用）,不燃ごみ
桶：金属製,資源品（金属類）
桶：木製，プラスチック製,不燃ごみ
押しピン,資源品（金属類）（空カン袋）
おしゃぶり,不燃ごみ
おたま：金属製,資源品（金属類）
おたま：プラスチック製,不燃ごみ
落ち葉,可燃ごみ
オットマン：脚などが金属製,資源品（金属類）
オットマン：木製，プラスチック製,不燃ごみ
汚泥：側溝清掃で出た土砂,収集できないごみ
オーディオ機器（プレーヤー）,不燃ごみ，小型家電
オーディオ機器（スピーカー）,不燃ごみ
落し蓋：金属製,資源品（金属類）
落し蓋：木製,可燃ごみ
オートバイ,収集できないごみ
帯,資源品（古着・古布類）
おひつ,不燃ごみ
オーブン（電気，ガスとも）,資源品（金属類）
オーブントースター,資源品（金属類）
オーブンレンジ,資源品（金属類）
オペラグラス,不燃ごみ
おまる：陶器製，プラスチック製,不燃ごみ
おまる：ホウロウ製,資源品（金属類）
おむつ,可燃ごみ
おもちゃ：木製，プラスチック製,不燃ごみ
おもちゃ：金属製,資源品（金属類）
おもり（釣り用）,資源品（金属類）
折込広告,資源品（新聞紙）
折りたたみ椅子：脚などが金属製,資源品（金属類）
折りたたみ椅子：プラスチック製,不燃ごみ
オルガン,粗大ごみ
おろしがね：金属製,資源品（金属類）（空カン袋）
おろしがね：セラミック製，プラスチック製,不燃ごみ
温水器,資源品（金属類）
温水洗浄便座,不燃ごみ
温度計：電子温度計,不燃ごみ
温度計：水銀温度計,有害ごみ
カーアンプ,不燃ごみ，小型家電
貝殻,可燃ごみ
懐中電灯：金属製,資源品（金属類）（空カン袋），小型家電
懐中電灯：プラスチック製,不燃ごみ，小型家電
掻巻（かいまき）,粗大ごみ
カイロ：金属製,資源品（金属類）（空カン袋）
カイロ：使い捨て,可燃ごみ
カーMDプレイヤー,不燃ごみ，小型家電
鏡,不燃ごみ
鍵,資源品（金属類）（空カン袋）
かき氷機：金属製,資源品（金属類）
かき氷機：プラスチック製,不燃ごみ
家具：スチール製,資源品（金属類）
家具：木製（1辺1.2m未満）,不燃ごみ
家具：木製（1辺1.2m以上）,粗大ごみ
角材：長さ1.2m未満かつ厚さ10cm以内,不燃ごみ
学習机,粗大ごみ
学習机のたな：木製,不燃ごみ
家具調こたつ,粗大ごみ
額縁,不燃ごみ
掛け軸,不燃ごみ
かご：金属製,資源品（金属類）
かご：木製，プラスチック製,不燃ごみ
傘,不燃ごみ
傘の部品：布部分,可燃ごみ
傘の部品：ビニール部分,不燃ごみ
傘の部品：骨のみ,資源品（金属類）
加湿器,不燃ごみ
果実酒ビン,不燃ごみ
カーCDプレイヤー,不燃ごみ，小型家電
菓子箱：金属製,資源品（金属類）（空カン袋）
菓子箱：紙製,資源品（雑誌・ざつ紙類）
菓子袋：プラスチック製,容器包装プラスチック類
菓子袋：アルミコーティング,容器包装プラスチック類
菓子袋：ビニールコーティング,可燃ごみ
ガスオーブン,資源品（金属類）
ガスコンロ,資源品（金属類）
ガス炊飯器,資源品（金属類）
ガスストーブ,資源品（金属類）
カスタネット,可燃ごみ
ガステーブル,資源品（金属類）
カーステレオ,不燃ごみ，小型家電
カースピーカー,不燃ごみ，小型家電
ガスボンベ：カセットコンロ用,資源品（空カン類）
ガスボンベ：プロパンガス用,収集できないごみ
ガスレンジ,資源品（金属類）
ガスレンジカバー,資源品（金属類）
ガーゼ,可燃ごみ
カセットコンロ,資源品（金属類）
カセットテープ,可燃ごみ
カセットデッキ,不燃ごみ
片手鍋,資源品（金属類）
カタログ,資源品（雑誌・ざつ紙類）
カチューシャ,不燃ごみ
カーチューナー,不燃ごみ，小型家電
活性炭,可燃ごみ
カッターナイフ：本体が金属製,資源品（金属類）（空カン袋）
カッターナイフ：本体がプラスチック製,不燃ごみ
カッターナイフの刃,資源品（金属類）（空カン袋）
合羽（ビニール製）,不燃ごみ
カップ麺のふた（紙製）,可燃ごみ
カップ麺の容器：発泡スチロール製,容器包装プラスチック類
カップ麺の容器：紙製,可燃ごみ
かつら,可燃ごみ
カーDVDプレイヤー,不燃ごみ，小型家電
カーテレビ,不燃ごみ，小型家電
カーテン,資源品（古着・古布類）
カーテンレール：金属製,資源品（金属類）
カーテンレール：プラスチック製,不燃ごみ
カード：定期券，テレホンカード類,可燃ごみ
カード：カードゲーム用,可燃ごみ
カード：キャッシュカード類,不燃ごみ
門松,不燃ごみ
蚊取り線香,可燃ごみ
金あみ,資源品（金属類）
かなづち,資源品（金属類）
カーナビ,不燃ごみ，小型家電
加熱式たばこ,有害ごみ
カバー（ナイロンシート状のもの）,不燃ごみ
鞄,不燃ごみ
画鋲,資源品（金属類）（空カン袋）
花瓶：陶器製，ガラス製,不燃ごみ
花瓶：金属製,資源品（金属類）
壁紙（ビニールクロス）：壁からはがしたもの,不燃ごみ
壁紙（ビニールクロス）：未使用のもの（芯から外した状態）,不燃ごみ
壁紙（ビニールクロス）：未使用のもの（芯がついた状態）,収集できないごみ
カーペット（電気カーペットを含む）,不燃ごみ
カーペットクリーナー（コロコロ）：本体,不燃ごみ
カーペットクリーナー（コロコロ）：粘着テープ,可燃ごみ
カーボン紙,可燃ごみ
カーボンヒーター：本体が金属製,資源品（金属類）
カーボンヒーター：本体がプラスチック製,不燃ごみ
鎌,資源品（金属類）
かまぼこ板,可燃ごみ
紙：新聞紙(折込広告含む),資源品（新聞紙）
紙：雑誌・ざつ紙類,資源品（雑誌・ざつ紙類）
紙：加工された紙や汚れの付いた紙等,可燃ごみ
紙：段ボール,資源品（段ボール）
紙：紙パック(中が白いもの),資源品（紙パック類）
紙おむつ,可燃ごみ
紙コップ,可燃ごみ
紙皿,可燃ごみ
剃刀：柄が金属製,資源品（金属類）（空カン袋）
剃刀：柄がプラスチック製,不燃ごみ
剃刀：電動のもの,不燃ごみ，小型家電
剃刀の刃,資源品（金属類）（空カン袋）
神棚,収集できないごみ
紙筒：トイレットペーパーの芯など,資源品（雑誌・ざつ紙類）
紙筒：ラップの芯など,可燃ごみ
紙筒：壁紙の芯など,不燃ごみ
紙粘土,可燃ごみ
髪の毛,可燃ごみ
紙パック：中が白いもの,資源品（紙パック類）
紙パック：中が銀色のもの,可燃ごみ
紙袋：ビニールコーティングされているもの,可燃ごみ
紙袋：ビニールコーティングされていないもの,資源品（雑誌・ざつ紙類）
紙やすり,可燃ごみ
ガムテープ,可燃ごみ
かめのこたわし,不燃ごみ
カメラ,不燃ごみ，小型家電
カメラネガフィルム,不燃ごみ
カメラフィルム（現像前・現像後とも）,不燃ごみ
蚊帳,不燃ごみ
画用紙,資源品（雑誌・ざつ紙類）
カーラー,不燃ごみ
カラーコーン,不燃ごみ
カーラジオ,不燃ごみ，小型家電
ガラス（板ガラス，ガラス製品）,不燃ごみ
ガラス製品,不燃ごみ
ガラステーブル,不燃ごみ
ガラス戸：ガラス付,不燃ごみ
ガラス戸：アルミ枠のみ,資源品（金属類）
ガラス戸：木枠のみ,不燃ごみ
カラスネット,不燃ごみ
カラーボックス,不燃ごみ
カレー（インスタントカレー）のレトルトパック,容器包装プラスチック類
がれき類：瓦，コンクリートがら，セメントがら，漬物石（コンクリートを固めたもの），ブロック，防犯砂利,収集できないごみ
枯れ葉,可燃ごみ
カレンダー：未使用のもの,資源品（雑誌・ざつ紙類）
カレンダー：金属製の綴じ具,資源品（金属類）
革衣類（衣服・手袋・帽子）,資源品（古着・古布類）
革靴,不燃ごみ
革製品（衣服・手袋・帽子以外）,不燃ごみ
革手袋,資源品（古着・古布類）
皮むき器（ピーラー）：金属製,資源品（金属類）
皮むき器（ピーラー）：プラスチック製,不燃ごみ
瓦,収集できないごみ
カン：飲み物，缶詰のカン,資源品（空カン類）
カン：ボンベ缶，スプレー缶,資源品（空カン類）
カン：ペンキの缶,資源品（空カン類）
カン：さびた缶,資源品（空カン類）
換気扇,不燃ごみ
換気扇フィルター,不燃ごみ
缶切り,資源品（金属類）（空カン袋）
緩衝材,容器包装プラスチック類
乾燥機：衣類乾燥機,収集できないごみ
乾燥機：布団乾燥機,不燃ごみ
乾燥機：食器乾燥機,不燃ごみ
乾燥剤,可燃ごみ
乾電池,有害ごみ
鉋（かんな）,資源品（金属類）
感熱紙,可燃ごみ
感熱性発泡紙(点字の印刷物),可燃ごみ
生地,資源品（古着・古布類）
着せ替え人形,不燃ごみ
着せ替え人形の服,可燃ごみ
ギター,不燃ごみ
キックボード（金属製）,資源品（金属類）
木づち,不燃ごみ
キッチンタイマー,不燃ごみ
キッチンタオル,可燃ごみ
キッチンペーパー,可燃ごみ
キッチンマット,不燃ごみ
木の枝：太さ5cm以内,可燃ごみ
木の枝：太さ5cmを超える,収集できないごみ
木箱,不燃ごみ
木べら,可燃ごみ
キーボード（楽器）,不燃ごみ
キーボード（パソコンの付属品）,不燃ごみ，小型家電
キーホルダー：金属製,資源品（金属類）（空カン袋）
キーホルダー：その他,不燃ごみ
着物,資源品（古着・古布類）
脚立：金属製,資源品（金属類）
脚立：木製,不燃ごみ
キャッシュカード,不燃ごみ
キャップ（ふた）：金属製,資源品（金属類）（空カン袋）
キャップ（ふた）：プラスチック製,容器包装プラスチック類
キャップ（文房具）,不燃ごみ
キャリア,資源品（金属類）
キャリーバッグ,不燃ごみ
キャンバス（油絵）,不燃ごみ
キャンプ用品：タープ,不燃ごみ
キャンプ用品：テーブル（椅子との一体型を含む）/天板を含むすべての部分が金属製のもの,資源品（金属類）
キャンプ用品：テーブル（椅子との一体型を含む）/天板がプラ・木製のもの,不燃ごみ
キャンプ用品：テント,不燃ごみ
キャンプ用品：寝袋,不燃ごみ
キャンプ用品：バーベキューグリル,資源品（金属類）
キャンプ用品：ランタン,不燃ごみ
急須：金属製,資源品（金属類）（空カン袋）
急須：陶器製,不燃ごみ
給湯器,資源品（金属類）
牛乳パック,資源品（紙パック類）
給油ポンプ：金属製,資源品（金属類）
給油ポンプ：プラスチック製,不燃ごみ
教科書,資源品（雑誌・ざつ紙類）
鏡台（鏡部が分離するもの）,不燃ごみ
錐（きり）,資源品（金属類）
キルティングマット,不燃ごみ
木枠,不燃ごみ
金紙・銀紙,可燃ごみ
金魚鉢,不燃ごみ
金庫：手提げ金庫など,資源品（金属類）
金庫：耐火金庫,収集できないごみ
金属バット,資源品（金属類）
空気入れ：金属製,資源品（金属類）
空気入れ：プラスチック製,不燃ごみ
空気清浄機,不燃ごみ
釘,資源品（金属類）（空カン袋）
釘抜き,資源品（金属類）
草,可燃ごみ
草刈り鎌,資源品（金属類）
草刈り機,資源品（金属類）
くさり：金属製,資源品（金属類）
くさり：プラスチック製,不燃ごみ
串：金属製,資源品（金属類）（空カン袋）
串：竹製,可燃ごみ
櫛：竹製,可燃ごみ
櫛：プラスチック製,不燃ごみ
薬のシート,容器包装プラスチック類
薬のビン：飲み薬,資源品（空ビン類）
薬のビン：飲み薬以外の薬品,不燃ごみ
果物ナイフ,資源品（金属類）（空カン袋）
口紅ケース,不燃ごみ
靴,不燃ごみ
靴下,資源品（古着・古布類）
クッション(綿以外）,不燃ごみ
靴の中敷き,可燃ごみ
首輪（ペット用）,不燃ごみ
熊手：金属製,資源品（金属類）
熊手：プラスチック製,不燃ごみ
クーラー,収集できないごみ
クーラーボックス,不燃ごみ
クリアファイル,不燃ごみ
クリーニングの袋,可燃ごみ
クリスタルガラス,不燃ごみ
クリスマスツリー,不燃ごみ
クリップ,資源品（金属類）（空カン袋）
車椅子,資源品（金属類）
車のシートカバー,不燃ごみ
クレジットカード,不燃ごみ
クレパス＝クレヨン,可燃ごみ
グロー（加熱式たばこ）：本体,有害ごみ
グロー（加熱式たばこ）：たばこ部分（ネオスティック）,可燃ごみ
グローブ,不燃ごみ
グローランプ,不燃ごみ
鍬,資源品（金属類）
軍手,可燃ごみ
蛍光管：LED灯,不燃ごみ
蛍光管：蛍光灯,有害ごみ
蛍光管：電球（白熱球）,不燃ごみ
蛍光管：電球（LED球）,不燃ごみ
蛍光管：電球（蛍光球）,有害ごみ
計算機,不燃ごみ
珪藻土マット,不燃ごみ
携帯カイロ,可燃ごみ
携帯テレビ（液晶）,不燃ごみ，小型家電
携帯電話,不燃ごみ，小型家電
携帯電話（充電器）,不燃ごみ，小型家電
毛糸玉,可燃ごみ
毛糸の衣類（セーター，マフラー）,資源品（古着・古布類）
毛皮の衣類（コート，マフラー，帽子，手袋）,資源品（古着・古布類）
ケーキ・ピザ等を直接包装した箱(食べ残しの付いた紙),可燃ごみ
ゲージ（金属製）,資源品（金属類）
消しゴム,不燃ごみ
化粧品（化粧水などのビン）,不燃ごみ
化粧品（口紅ケース）,不燃ごみ
化粧品（ファンデーションケース）,不燃ごみ
化粧品（マニキュアのビン）,不燃ごみ
毛染め液：スプレータイプ（金属製）,資源品（空カン類）
毛染め液：スプレータイプ（プラスチック製）,容器包装プラスチック類
毛染め液：チューブタイプ,可燃ごみ
下駄,不燃ごみ
下駄箱,不燃ごみ
血圧計：電子血圧計等,不燃ごみ，小型家電
血圧計：水銀を使用しているもの,有害ごみ
ケーブル,資源品（金属類）
ゲーム（ボードゲーム等）,不燃ごみ
ゲームカセット,不燃ごみ，小型家電
ゲーム機,不燃ごみ，小型家電
玄関マット,不燃ごみ
健康器具（ウォーキングマシン）,資源品（金属類）
剣山,資源品（金属類）（空カン袋）
鍵盤ハーモニカ,不燃ごみ
碁石,不燃ごみ
こいのぼり：布部分,不燃ごみ
こいのぼり：ポール（金属製）,資源品（金属類）
こいのぼり：ポール（プラスチック製）,不燃ごみ
コイン・古銭,資源品（金属類）（空カン袋）
高圧洗浄機：金属製,資源品（金属類）
高圧洗浄機：金属製以外,不燃ごみ
工具類（ドライバー，スパナ等）,資源品（金属類）（空カン袋）
広告紙,資源品（新聞紙）
行李（柳行李など：衣装ケース）,不燃ごみ
氷枕,不燃ごみ
五月人形,不燃ごみ
ゴーグル,不燃ごみ
固形燃料（着火剤）,可燃ごみ
こけし：15cm未満,可燃ごみ
こけし：15cm以上,不燃ごみ
ござ,不燃ごみ
ござ（小さく切ったもの）,可燃ごみ
こたつ：1辺1.2m未満,不燃ごみ
こたつ：1辺1.2m以上,粗大ごみ
こたつ敷き,不燃ごみ
こたつ布団,粗大ごみ
こたつユニット,資源品（金属類）
コットン,可燃ごみ
コップ：ガラス製，プラスチック製,不燃ごみ
コップ：使い捨て（紙製）,可燃ごみ
コップ：使い捨て（プラスチック製）,不燃ごみ
琴,粗大ごみ
コード（電気）,資源品（金属類）
粉チーズの容器：紙筒で底が金属製,可燃ごみ
粉チーズの容器：プラスチック製,容器包装プラスチック類
コネクタ,不燃ごみ，小型家電
コピー機：家庭用,不燃ごみ
コピー機：業務用,収集できないごみ
コーヒーメーカー,不燃ごみ
コーヒーフィルター,可燃ごみ
ごみ袋：他市,不燃ごみ
ごみ袋：炭酸カルシウム入り,不燃ごみ
ごみ袋：黒袋,不燃ごみ
ゴム製品,不燃ごみ
ゴム手袋,不燃ごみ
ゴムホース,不燃ごみ
ゴムマット,不燃ごみ
米びつ：金属製,資源品（金属類）
米びつ：プラスチック製,不燃ごみ
米袋(紙製),資源品（雑誌・ざつ紙類）
コルク,可燃ごみ
コルク抜き（ワインオープナー）,資源品（金属類）（空カン袋）
コルクボード,不燃ごみ
ゴルフ用品：ゴルフクラブ,資源品（金属類）
ゴルフ用品：ゴルフバッグ,不燃ごみ
ゴルフ用品：ゴルフボール,不燃ごみ
ゴルフ用品：ゴルフマット,不燃ごみ
コンクリートがら,収集できないごみ
コンタクトレンズ,可燃ごみ
昆虫マット,収集できないごみ
コンテナボックス,不燃ごみ
コンパス（文房具）：金属製,資源品（金属類）
コンパス（文房具）：プラスチック製,不燃ごみ
コンパス（方位磁針）,不燃ごみ
コンポ,不燃ごみ
コンポスト,不燃ごみ
コンセント,不燃ごみ
コンロ,資源品（金属類）
座椅子,不燃ごみ
在宅医療系廃棄物,収集できないごみ
サイドボード,不燃ごみ
財布,不燃ごみ
酒の容器：プラスチックボトル,容器包装プラスチック類
酒の容器：PETボトル,資源品（PETボトル）
酒の容器：紙パック（中が銀紙のもの）,可燃ごみ
刺身のトレイ,容器包装プラスチック類
座卓,不燃ごみ
サッカーボール,不燃ごみ
サッシ：アルミ枠のみ,資源品（金属類）
サッシ：ガラスのみ,不燃ごみ
サッシ：ガラス付アルミ枠,不燃ごみ
雑誌,資源品（雑誌・ざつ紙類）
殺虫剤：市販の薬品等,収集できないごみ
殺虫剤の缶（金属製）：スプレータイプ,資源品（空カン類）
殺虫剤の缶（金属製）：煙をたくタイプ,資源品（空カン類）
殺虫剤のビン,不燃ごみ
さびた缶,資源品（空カン類）
さびた金属,資源品（金属類）
座布団,粗大ごみ
サーフボード：長さ1.2ｍ未満,不燃ごみ
サーフボード：長さ1.2ｍ以上,粗大ごみ
サマーベッド,資源品（金属類）
皿：プラスチック製,不燃ごみ
皿：金属製,資源品（金属類）（空カン袋）
皿：陶磁器,不燃ごみ
皿：紙製,可燃ごみ
皿：ガラス製,不燃ごみ
サラダ油,可燃ごみ
サラダ油のボトル（プラスチック製）,容器包装プラスチック類
ざる：プラスチック製，竹製,不燃ごみ
ざる：金属製,資源品（金属類）
三角コーナー：金属製,資源品（金属類）
三角コーナー：プラスチック製,不燃ごみ
三脚：金属製,資源品（金属類）
三脚：プラスチック製,不燃ごみ
サングラス,不燃ごみ
酸素ボンベ(ダイビング用),資源品（金属類）
サンダル,不燃ごみ
サンバイザー,不燃ごみ
三輪車：金属製,資源品（金属類）
三輪車：プラスチック製,不燃ごみ
飼育小屋,不燃ごみ
ジェルマット,不燃ごみ
地下足袋,不燃ごみ
色紙（しきし）,可燃ごみ
敷きパッド,不燃ごみ
磁気マットレス,不燃ごみ
ジグソーパズル,可燃ごみ
磁石,不燃ごみ
下着,資源品（古着・古布類）
下敷き（文房具）,不燃ごみ
支柱（金属製）,資源品（金属類）
七輪,不燃ごみ
シーツ,資源品（古着・古布類）
漆器,可燃ごみ
しっぷ薬,可燃ごみ
CD,不燃ごみ
CDケース,不燃ごみ
CDプレーヤー,不燃ごみ，小型家電
CDラジカセ,不燃ごみ，小型家電
辞書・辞典,資源品（雑誌・ざつ紙類）
自転車：自転車,資源品（金属類）
自転車：電動自転車,資源品（金属類）
自転車部品：金属製,資源品（金属類）
自転車部品：金属製以外,不燃ごみ
自動車・自転車用カバー,不燃ごみ
シートカバー（自動車用）,不燃ごみ
竹刀,不燃ごみ
芝刈り機：手押し,資源品（金属類）
芝刈り機：エンジン付,資源品（金属類）
事務用椅子：足などが金属製,資源品（金属類）
事務用椅子：木製，プラスチック製,不燃ごみ
しめ飾り,可燃ごみ
しめ縄,可燃ごみ
シャープペンシル,不燃ごみ
写真,可燃ごみ
シャトル（バドミントン用）,不燃ごみ
シャベル：金属製,資源品（金属類）
シャベル：プラスチック製,不燃ごみ
ジャンパー,資源品（古着・古布類）
しゃもじ：プラスチック製,不燃ごみ
しゃもじ：木製,可燃ごみ
砂利：水槽用などの少量のもの,可燃ごみ
シャンプー・リンスの容器,容器包装プラスチック類
祝儀袋（不祝儀袋含む）：和紙製,可燃ごみ
祝儀袋（不祝儀袋含む）：その他紙製,資源品（雑誌・ざつ紙類）
じゅうたん,不燃ごみ
充電器（携帯電話用）,不燃ごみ，小型家電
充電式電池,有害ごみ
収納ケース：金属製,資源品（金属類）
収納ケース：プラスチック製,不燃ごみ
収納ケース：紙製,資源品（雑誌・ざつ紙類）
重箱：プラスチック製,不燃ごみ
重箱：紙製,可燃ごみ
ジューサーミキサー,不燃ごみ
朱肉,可燃ごみ
シュレッダー（家庭用）,不燃ごみ
シュレッダーくず,可燃ごみ
瞬間湯沸器,資源品（金属類）
背負子（しょいこ）,不燃ごみ
ジョイントマット,不燃ごみ
消火器,収集できないごみ
消火器（スプレー缶型）,資源品（金属類）（空カン袋）
正月用飾り,可燃ごみ
昇華転写紙(アイロンプリント紙・靴等の緩衝材の詰物),可燃ごみ
定規：プラスチック製,不燃ごみ
定規：金属製,資源品（金属類）
定規：木製，30cm以上,不燃ごみ
定規：木製，30cm未満,可燃ごみ
将棋盤,不燃ごみ
将棋の駒：木製,可燃ごみ
将棋の駒：プラスチック製,不燃ごみ
焼却炉：金属製,資源品（金属類）
焼却炉：ブロック製,収集できないごみ
錠剤のシート,容器包装プラスチック類
障子紙,可燃ごみ
障子戸,不燃ごみ
消臭剤,不燃ごみ
浄水器：金属製,資源品（金属類）
浄水器：プラスチック製,不燃ごみ
浄水器のカートリッジ：アルミ製カバー,資源品（金属類）
浄水器のカートリッジ：プラスチック製カバー,不燃ごみ
使用済み注射針,収集できないごみ
乗馬型健康器具,粗大ごみ
照明器具：金属部分,資源品（金属類）
照明器具：プラスチック部分,不燃ごみ
常夜灯（豆電球）：白熱球,不燃ごみ
常夜灯（豆電球）：LED球,不燃ごみ
常夜灯（豆電球）：蛍光球,有害ごみ
しょう油の容器：プラスチックボトル,容器包装プラスチック類
しょう油の容器：PETボトル,資源品（PETボトル）
じょうろ：金属製,資源品（金属類）
じょうろ：プラスチック製,不燃ごみ
食卓テーブル：1辺1.2m未満,不燃ごみ
食卓テーブル：1辺1.2m以上,粗大ごみ
食品乾燥機：本体が金属製,資源品（金属類）
食品乾燥機：本体が金属製以外,不燃ごみ
食用油,可燃ごみ
除湿機,不燃ごみ
除湿剤：袋に入っているもの,可燃ごみ
除湿剤：プラスチックケース,容器包装プラスチック類
食器：プラスチック製,不燃ごみ
食器：金属製,資源品（金属類）（空カン袋）
食器：陶磁器,不燃ごみ
食器：紙製,可燃ごみ
食器：ガラス製,不燃ごみ
食器洗い機,不燃ごみ
食器乾燥機,不燃ごみ
食器棚,粗大ごみ
シーリングライト：金属部分,資源品（金属類）
シーリングライト：プラスチック部分,不燃ごみ
シルバーカー（老人車）：フレームが金属製,資源品（金属類）
シルバーカー（老人車）：フレームがプラスチック製,不燃ごみ
人工芝,不燃ごみ
新聞紙（折込広告含む）,資源品（新聞紙）
吸殻,可燃ごみ
水銀体温計,有害ごみ
水槽,不燃ごみ
水中眼鏡,不燃ごみ
水筒：プラスチック製，魔法瓶,不燃ごみ
水筒：金属製,資源品（金属類）
炊飯器：電気炊飯器,不燃ごみ
炊飯器：ガス炊飯器,資源品（金属類）
炊飯器の内釜：土鍋製,不燃ごみ
炊飯器の内釜：金属製,資源品（金属類）
スカーフ,資源品（古着・古布類）
姿見,不燃ごみ
図鑑,資源品（雑誌・ざつ紙類）
スキー用品：スキー板,不燃ごみ
スキー用品：ストック（金属製）,資源品（金属類）
スキー用品：ストック（プラスチック製）,不燃ごみ
スキー用品：スキーウエア，手袋，靴,不燃ごみ
スキャナー,不燃ごみ
スクリーン,資源品（金属類）
スケート靴,不燃ごみ
スケートボード,不燃ごみ
スケール：プラスチック製,不燃ごみ
スケール：金属製,資源品（金属類）（空カン袋）
スケール：木製，30cm以上,不燃ごみ
スケール：木製，30cm未満,可燃ごみ
スケッチブック,資源品（雑誌・ざつ紙類）
スコップ：金属製,資源品（金属類）（空カン袋）
スコップ：プラスチック製,不燃ごみ
硯（すずり）,不燃ごみ
すだれ,不燃ごみ
スタンド（電気スタンド）,不燃ごみ
スタンプ台,不燃ごみ
スチール机,資源品（金属類）
スチール物置,資源品（金属類）
ズック靴,不燃ごみ
スーツケース,不燃ごみ
ステレオ,不燃ごみ
ストッキング,資源品（古着・古布類）
ストーブ：本体が金属製,資源品（金属類）
ストーブ：本体がプラスチック製,不燃ごみ
ストーマ（人口弁）装具,可燃ごみ
ストライダー,資源品（金属類）
ストール,資源品（古着・古布類）
砂,収集できないもの
スニーカー,不燃ごみ
スノーボード,不燃ごみ
すのこ（木製，プラスチック製とも）,不燃ごみ
酢の容器：プラスチックボトル,容器包装プラスチック類
酢の容器：PETボトル,資源品（PETボトル）
スパイクシューズ,不燃ごみ
スパナ,資源品（金属類）（空カン袋）
スーパーの袋（レジ袋，ポリ袋）,容器包装プラスチック類
スピーカー,不燃ごみ
スプーン：金属製,資源品（金属類）（空カン袋）
スプーン：金属製以外のもの,不燃ごみ
スプリング入りマットレス,粗大ごみ
スプレー缶,資源品（空カン類）
滑り台：金属製,資源品（金属類）
滑り台：その他,不燃ごみ
スポーツバッグ,不燃ごみ
スポンジ,不燃ごみ
ズボンプレッサー,不燃ごみ
スマートフォン,不燃ごみ，小型家電
炭,可燃ごみ
すりこぎ棒,可燃ごみ
スリッパ,不燃ごみ
すりばち,不燃ごみ
スロット台(家庭使用),収集できないごみ
製図台：金属製,資源品（金属類）
製図台：木製,粗大ごみ
製氷機(家庭用),不燃ごみ
製氷皿,不燃ごみ
整理ダンス：1辺1.2m未満,不燃ごみ
整理ダンス：1辺1.2m以上,粗大ごみ
生理用品,可燃ごみ
せいろ,不燃ごみ
石油缶,資源品（金属類）
石油ストーブ,資源品（金属類）
石油ファンヒーター,資源品（金属類）
石油ポンプ,不燃ごみ
せっけん,可燃ごみ
せっけんの箱,可燃ごみ
石膏ボード,収集できないごみ
接着剤：少量,可燃ごみ
接着剤：多量,収集できないごみ
接着剤の容器：金属製,資源品（空カン類）
接着剤の容器：プラスチック製,容器包装プラスチック類
セットトップボックス（STB）,不燃ごみ，小型家電
背広ケース,不燃ごみ
セメントの粉(自己施工したもの)：少量,可燃ごみ
セメントの粉(自己施工したもの)：多量,収集できないごみ
セメントの粉(自己施工したもの)：固まったもの,収集できないごみ
セラミックファンヒーター：本体が金属製,資源品（金属類）
セラミックファンヒーター：本体がプラスチック製,不燃ごみ
セロテープ,可燃ごみ
線香の箱,可燃ごみ
洗剤の容器（粉洗剤）：プラスチック製,容器包装プラスチック類
洗剤の容器（粉洗剤）：紙製,可燃ごみ
洗剤の容器（液体洗剤・柔軟材容器を含む）,容器包装プラスチック類
扇子,可燃ごみ
洗濯機,収集できないごみ
洗濯機の付属品（プラスチック製）,不燃ごみ
洗濯ネット,不燃ごみ
洗濯ばさみ,不燃ごみ
洗濯物干し：枠が金属製,資源品（金属類）
洗濯物干し：枠がプラスチック製,不燃ごみ
剪定枝：太さ5cm以内,可燃ごみ
剪定枝：太さ5cmを超える,収集できないごみ
栓抜き,資源品（金属類）（空カン袋）
扇風機,不燃ごみ
洗面器：プラスチック製,不燃ごみ
洗面器：金属製,資源品（金属類）
洗面台,粗大ごみ
造花,不燃ごみ
双眼鏡,不燃ごみ
雑巾,可燃ごみ
掃除機,不燃ごみ
掃除機用紙パック,可燃ごみ
そうめんの木箱,不燃ごみ
草履,不燃ごみ
側溝清掃の泥,収集できないごみ
外付けハードディスク,不燃ごみ，小型家電
ソファー,粗大ごみ
ソーラーパネル,収集できないごみ
そり（子供用玩具）,不燃ごみ
そろばん,不燃ごみ
体温計：水銀体温計,有害ごみ
体温計：電子体温計,不燃ごみ，小型家電
耐火金庫,収集できないごみ
台車,資源品（金属類）
体重計：金属製,資源品（金属類）
体重計：その他の材質,不燃ごみ
タイツ,資源品（古着・古布類）
台所マット,不燃ごみ
ダイニングチェア,不燃ごみ
耐熱ガラス容器,不燃ごみ
ダイビング用ウエア,不燃ごみ
ダイビング用酸素ボンベ,資源品（金属類）
タイプライター,資源品（金属類）
タイマー,不燃ごみ
タイヤ：自動車用,収集できないごみ
タイヤ：自転車用,不燃ごみ
タイヤ：オートバイ用,収集できないごみ
タイヤチェーン：金属製,資源品（金属類）
タイヤチェーン：プラスチック製,不燃ごみ
タイヤホイール,資源品（金属類）
太陽光パネル,収集できないごみ
タイル（自己施工したもの）,不燃ごみ
ダウンジャケット,不燃ごみ
タオル（タオルケット）,資源品（古着・古布類）
タオルかけ：金属製,資源品（金属類）
タオルかけ：プラスチック製,不燃ごみ
高枝バサミ,資源品（金属類）
卓上コンロ,資源品（金属類）
宅配便伝票(ノーカーボン紙),可燃ごみ
竹馬：木製，プラスチック製,粗大ごみ
竹馬：金属製,資源品（金属類）
竹ざお：太さ5cm以内,不燃ごみ
竹ざお：太さ5cmを超える,収集できないごみ
竹ぼうき,不燃ごみ
たこ焼き器,資源品（金属類）
畳：藁床,収集できないごみ
畳：藁床以外,不燃ごみ
畳おもて,不燃ごみ
卓球台,粗大ごみ
脱臭剤,不燃ごみ
脱水機,資源品（金属類）
タッパー容器,不燃ごみ
縦笛（リコーダー）,不燃ごみ
たばこの吸殻,可燃ごみ
足袋,資源品（古着・古布類）
タブレット型携帯端末,不燃ごみ，小型家電
タブレット（PCリサイクルマーク適用）,収集できないごみ
食べ残しの付いた紙(ピザ・ケーキ等を直接包装した箱),可燃ごみ
卵パック：プラスチック製,容器包装プラスチック類
卵パック：紙製,可燃ごみ
玉じゃくし：金属製,資源品（金属類）
玉じゃくし：プラスチック製,不燃ごみ
たらい：金属製,資源品（金属類）
たらい：プラスチック製,不燃ごみ
樽：1辺1.2m未満,不燃ごみ
樽：1辺1.2m以上,粗大ごみ
たわし,不燃ごみ
炭酸カルシウム入り袋,不燃ごみ
たんす,粗大ごみ
たんぜん：綿入り,不燃ごみ
たんぜん：綿なし,資源品（古着・古布類）
断熱材,収集できないごみ
断熱シート（金属・グラスウール以外）,不燃ごみ
断熱ボード,収集できないごみ
ダンベル：金属製,資源品（金属類）
ダンベル：プラスチック製,不燃ごみ
ダンベル：コーティング,収集できないごみ
段ボール,資源品（段ボール）
チェーンソー,資源品（金属類）
地球儀,不燃ごみ
チャイルドシート,不燃ごみ
茶こし（金属製）,資源品（金属類）（空カン袋）
チャッカマン,有害ごみ
茶箱,不燃ごみ
茶碗,不燃ごみ
中華なべ,資源品（金属類）
注射器，注射針（在宅医療で使用したもの）,収集できないごみ
チューナー,不燃ごみ，小型家電
チューブ類（わさび，からし，歯磨き等）,容器包装プラスチック類
チューブ製容器（金属製）,資源品（金属類）（空カン袋）
彫刻刀,資源品（金属類）（空カン袋）
提灯,不燃ごみ
ちらし（新聞折込）,資源品（新聞紙）
ちり紙,可燃ごみ
ちりとり：金属製,資源品（金属類）
ちりとり：プラスチック製,不燃ごみ
つえ,不燃ごみ
使い捨てカイロ,可燃ごみ
使い捨てカメラ,不燃ごみ
使い捨て注射針,収集できないごみ
使い捨てライター,有害ごみ
机：学習机（木製）,粗大ごみ
机：スチール机,資源品（金属類）
机：パソコンデスク,資源品（金属類）
机：テーブル，ちゃぶ台,不燃ごみ
付け毛,可燃ごみ
付け爪,可燃ごみ
漬物石：コンクリートを固めたもの,収集できないごみ
漬物石：天然石,収集できないごみ
漬物の袋,容器包装プラスチック類
土,収集できないもの
突っ張り棒：プラスチック製,不燃ごみ
つぼ,不燃ごみ
爪楊枝,可燃ごみ
積み木：木製,可燃ごみ
積み木：プラスチック製,不燃ごみ
爪きり,資源品（金属類）（空カン袋）
釣糸（プラスチック製）,可燃ごみ
釣竿,不燃ごみ
定期券,可燃ごみ
ディスクドライブ,不燃ごみ，小型家電
ディスプレイ（パソコン用）※単体で廃棄の場合,収集できないごみ
ティッシュの箱,資源品（雑誌・ざつ紙類）
ティッシュペーパー,可燃ごみ
DVD,不燃ごみ
DVDビデオプレーヤー,不燃ごみ，小型家電
DVDプレーヤー,不燃ごみ，小型家電
手鏡,不燃ごみ
デジタルオーディオプレーヤー：HDD,不燃ごみ，小型家電
デジタルオーディオプレーヤー：フラッシュメモリ,不燃ごみ，小型家電
デジタルカメラ,不燃ごみ，小型家電
デジタルビデオカメラ,不燃ごみ，小型家電
デスクマット,不燃ごみ
鉄アレイ：金属製,資源品（金属類）
鉄アレイ：プラスチック製,不燃ごみ
鉄アレイ：コーティング,収集できないごみ
テニス用品：テニスラケット,不燃ごみ
テニス用品：テニスボール,不燃ごみ
テニス用品：テニスウエア,資源品（古着・古布類）
テープ：紙・布製,可燃ごみ
テープ：ビニール紐,不燃ごみ
テープ：ガムテープ・セロテープ,可燃ごみ
テープ：カセット・ビデオ・8mm,可燃ごみ
テープ：オープンリール,可燃ごみ
手袋：革製，毛糸製,資源品（古着・古布類）
手袋：ゴム手袋,不燃ごみ
手袋：スキー用,不燃ごみ
テプラ,不燃ごみ，小型家電
テーブル,不燃ごみ
テーブルクロス：布製，レース製,資源品（古着・古布類）
テーブルクロス：プラスチック製,不燃ごみ
テープレコーダー,不燃ごみ，小型家電
テフロン加工の鍋,資源品（金属類）
テレビ：ブラウン管テレビ,収集できないごみ
テレビ：液晶，プラズマ,収集できないごみ
テレビゲーム機,不燃ごみ，小型家電
テレビ台,不燃ごみ
テレホンカード,可燃ごみ
天眼鏡,不燃ごみ
テンキー,不燃ごみ，小型家電
電気あんか,不燃ごみ
電気温水器,不燃ごみ
電気カーペット,不燃ごみ
電気カミソリ,不燃ごみ，小型家電
電気カミソリ洗浄機,不燃ごみ，小型家電
電気コード,資源品（金属類）
電気こたつ,不燃ごみ
電気炊飯器,不燃ごみ
電気スタンド,不燃ごみ
電気ストーブ：本体が金属製,資源品（金属類）
電気ストーブ：本体がプラスチック製,不燃ごみ
電気のかさ,不燃ごみ
電気バリカン,不燃ごみ，小型家電
電気ヒーター：本体が金属製,資源品（金属類）
電気ヒーター：本体がプラスチック製,不燃ごみ
電気ポット,不燃ごみ
電気毛布,不燃ごみ
電球：白熱球,不燃ごみ
電球：LED球,不燃ごみ
電球：蛍光球,有害ごみ
電球：蛍光管（LED灯）,不燃ごみ
電球：蛍光管（蛍光灯）,有害ごみ
電子血圧計,不燃ごみ，小型家電
電子辞書,不燃ごみ，小型家電
電子書籍端末,不燃ごみ，小型家電
電子体温計,不燃ごみ，小型家電
電子体重計,不燃ごみ
電子たばこ,有害ごみ
電磁調理器,資源品（金属類）
点字の印刷物(感熱性発泡紙),可燃ごみ
電子ピアノ,粗大ごみ
電子レンジ,資源品（金属類）
電子レンジ台,資源品（金属類）
天体望遠鏡：金属製,資源品（金属類）
天体望遠鏡：プラスチック製,不燃ごみ
電卓,不燃ごみ，小型家電
電池,有害ごみ
点滴パック，チューブ（在宅医療に用いたもの）,収集できないごみ
テント,不燃ごみ
点灯管（グローランプ）,不燃ごみ
電動工具,資源品（金属類）
電動自転車,資源品（金属類）
電動歯ブラシ,不燃ごみ，小型家電
天ぷら油,可燃ごみ
電話機,不燃ごみ，小型家電
電話帳,資源品（雑誌・ざつ紙類）
ドア,不燃ごみ
ドアノブ,資源品（金属類）（空カン袋）
砥石,不燃ごみ
トイレットペーパーの芯,資源品（雑誌・ざつ紙類）
トイレ用品：トイレコーナー，ブラシ，マット,不燃ごみ
トイレ用品：便座カバー,可燃ごみ
陶磁器,不燃ごみ
籐製品（ラック，籠，棚など）,不燃ごみ
動物の糞,可燃ごみ
豆腐パック,容器包装プラスチック類
灯油,収集できないごみ
灯油タンク,不燃ごみ
時計,不燃ごみ，小型家電
トースター,資源品（金属類）
戸棚：1辺1.2m未満,不燃ごみ
戸棚：1辺1.2m以上,粗大ごみ
トタン板,資源品（金属類）
どてら,不燃ごみ
土鍋,不燃ごみ
ドライバー（工具）,資源品（金属類）（空カン袋）
ドライバー（ゴルフクラブ）,資源品（金属類）
ドライフラワー,可燃ごみ
ドライヤー,不燃ごみ，小型家電
ドラム缶,資源品（金属類）
トランク,不燃ごみ
トランポリン（家庭用遊具）,資源品（金属類）
ドリンク剤のビン,資源品（空ビン類）
トレイ：発泡トレイ,容器包装プラスチック類
トレイ：金属製,資源品（金属類）（空カン袋）
ドレッサー,粗大ごみ
ドレッシングの容器：プラスチック製,容器包装プラスチック類
ドレッシングの容器：PET製(中身がノンオイル),資源品（PETボトル）
ドレッシングの容器：ガラス製,資源品（空ビン類）
泥：側溝清掃で出たもの,収集できないごみ
トロフィー,不燃ごみ
とんかち,資源品（金属類）
ナイフ,資源品（金属類）（空カン袋）
苗ポット（黒ビニール等の軟らかいもの）,容器包装プラスチック類
長靴,不燃ごみ
長座布団,粗大ごみ
流し台,不燃ごみ
夏掛け布団,粗大ごみ
納豆容器（発泡トレイ等）,容器包装プラスチック類
ナビゲーション,不燃ごみ
鍋（テフロン加工，ホウロウ鍋含む）,資源品（金属類）
鍋敷き：金属製,資源品（金属類）
鍋敷き：木製，藁製,可燃ごみ
鍋敷き：シリコン製，陶器製,不燃ごみ
鍋つかみ,不燃ごみ
生ごみ処理機：機械式,不燃ごみ
生ごみ処理機：コンポスト,不燃ごみ
波板：金属製（トタン板）,資源品（金属類）
波板：プラスチック製,不燃ごみ
縄跳び,不燃ごみ
臭いの付いた紙（石鹸・洗剤・線香の箱）,可燃ごみ
荷造り紐,不燃ごみ
乳酸菌飲料の容器：プラスチックボトル,容器包装プラスチック類
乳酸菌飲料の容器：PETボトル,資源品（PETボトル）
人形：着せ替え人形など,不燃ごみ
人形：雛人形，五月人形,不燃ごみ
人形ケース,不燃ごみ
人形の服,可燃ごみ
ぬいぐるみ：布製,不燃ごみ
布,資源品（古着・古布類）
布くず,可燃ごみ
ネガフィルム,不燃ごみ
ネクタイ,資源品（古着・古布類）
猫砂,可燃ごみ
ネジ（ビス）：金属製,資源品（金属類）（空カン袋）
ネジ（ビス）：プラスチック製,不燃ごみ
ネックレス：金属製,資源品（金属類）
ネックレス：プラスチック製（磁気ネックレスなど）,不燃ごみ
ネット：みかん，玉ねぎなど,容器包装プラスチック類
ネット：大型・ナイロン製,不燃ごみ
寝袋,不燃ごみ
粘土（油粘土，紙粘土）,可燃ごみ
農機具類：農具（鍬，鎌等）,資源品（金属類）
農機具類：芝刈り機など（エンジン無）,資源品（金属類）
農業用ビニール：家庭菜園等,不燃ごみ
農薬,収集できないごみ
農薬のビン,不燃ごみ
ノーカーボン紙(宅配便伝票等),可燃ごみ
のこぎり（糸のこぎりを含む）,資源品（金属類）
ノート,資源品（雑誌・ざつ紙類）
飲み薬のビン,資源品（空ビン類）
暖簾（のれん）,資源品（古着・古布類）
バイク,収集できないごみ
灰皿：金属製,資源品（金属類）
灰皿：その他,不燃ごみ
パイプ椅子,資源品（金属類）
パイプベッド：パイプ部,資源品（金属類）
パイプベッド：板部のみ,不燃ごみ
廃油：食用油,可燃ごみ
廃油：灯油・石油等の燃料油,収集できないごみ
バインダー,不燃ごみ
ハエたたき：金属製,資源品（金属類）
ハエたたき：プラスチック製,不燃ごみ
はがき,資源品（雑誌・ざつ紙類）
はかり,不燃ごみ
履物,不燃ごみ
端切れ布,可燃ごみ
白色トレイ,容器包装プラスチック類
剥製,不燃ごみ
白熱電球,不燃ごみ
刷毛,不燃ごみ
バケツ：プラスチック製,不燃ごみ
バケツ：金属製,資源品（金属類）
箱：厚紙等,資源品（雑誌・ざつ紙類）
箱：段ボール,資源品（段ボール）
箱：木箱,不燃ごみ
はさみ,資源品（金属類）（空カン袋）
はしご：金属製,資源品（金属類）
はしご：木製,不燃ごみ
バスケットボール,不燃ごみ
バスタオル,資源品（古着・古布類）
バスマット,不燃ごみ
パズル,可燃ごみ
パソコン：本体，ノートパソコン,小型家電
パソコン：ディスプレイ,収集できないごみ
パソコン：キーボード，マウス，ハードディスク，ドライブ等の周辺機器,不燃ごみ，小型家電
パソコン：プリンター,不燃ごみ
パソコンカートリッジ（プリンタ用）,不燃ごみ
パソコンケーブル,資源品（金属類）
パソコンチェア：足などが金属製,資源品（金属類）
パソコンチェア：木製，プラスチック製,不燃ごみ
パソコンデスク,資源品（金属類）
パソコンモニター（ディスプレイ）※単体で廃棄の場合,収集できないごみ
パター（ゴルフクラブ）,資源品（金属類）
バターナイフ,資源品（金属類）（空カン袋）
パチンコ台(家庭使用),収集できないごみ
発煙筒,収集できないごみ
バッグ（皮製，布製，プラスチック製）,不燃ごみ
バッテリー：充電式電池,有害ごみ
バッテリー：バッテリー液を用いるもの,収集できないごみ
バット：木製，プラスチック製,不燃ごみ
バット：金属製,資源品（金属類）
発泡スチロール,容器包装プラスチック類
発泡トレイ,容器包装プラスチック類
ハードディスク,不燃ごみ，小型家電
バドミントン用具：シャトル,不燃ごみ
バドミントン用具：ラケット,資源品（金属類）
花ばさみ,資源品（金属類）（空カン袋）
花火,可燃ごみ
羽根布団,粗大ごみ
パフ（化粧用）,可燃ごみ
歯ブラシ,不燃ごみ
ハブルーター,不燃ごみ
バーベキューセット,資源品（金属類）
歯磨きチューブ：プラスチック製,容器包装プラスチック類
歯磨きチューブ：金属製,資源品（金属類）（空カン袋）
ハーモニカ,資源品（金属類）（空カン袋）
刃物,資源品（金属類）（空カン袋）
パラソル：金属製,資源品（金属類）
パラソル：プラスチック製,不燃ごみ
針,資源品（金属類）（空カン袋）
針金,資源品（金属類）（空カン袋）
針金ハンガー,資源品（金属類）
バリカン（散髪用）,不燃ごみ，小型家電
バルサン（殺虫剤）：缶（使用済み）,資源品（金属類）（空カン袋）
バルサン（殺虫剤）：缶（未使用）,収集できないごみ
バルサン（殺虫剤）：プラスチック（使用済み）,容器包装プラスチック類
バルサン（殺虫剤）：プラスチック（未使用）,収集できないごみ
パレット（運搬道具）,収集できないごみ
パレット（絵画道具）,不燃ごみ
バレーボール,不燃ごみ
ハロゲンヒーター：本体が金属製,資源品：金属類
ハロゲンヒーター：本体がプラスチック製,不燃ごみ
ハンガー：針金ハンガー,資源品（金属類）
ハンガー：木製，プラスチック製,不燃ごみ
ハンカチ,資源品（古着・古布類）
半紙,可燃ごみ
パンチ（文房具）,資源品（金属類）
はんてん,不燃ごみ
ハンドクリーナー,不燃ごみ
ハンドヘルドゲーム（ミニ電子ゲーム）,不燃ごみ，小型家電
パンの袋の留め具：針金製,資源品（金属類）（空カン袋）
パンの袋の留め具：プラスチック製,容器包装プラスチック類
バンパー：金属製,資源品（金属類）
バンパー：樹脂製,不燃ごみ
パンフレット,資源品（雑誌・ざつ紙類）
ハンマー,資源品（金属類）
パン焼き器,不燃ごみ
ピアス：金属製,資源品（金属類）
ピアス：その他（真珠など）,不燃ごみ
ピアニカ,不燃ごみ
ピアノ：ピアノ,収集できないごみ
ピアノ：電子ピアノ,粗大ごみ
ピアノ：キーボード,不燃ごみ
ピアノカバー,不燃ごみ
BSアンテナ,資源品（金属類）
ひげそり：柄が金属製,資源品（金属類）（空カン袋）
ひげそり：柄がプラスチック製,不燃ごみ
ひげそり：電動のもの,不燃ごみ，小型家電
ピザ・ケーキ等を直接包装した箱(食べ残しの付いた紙),可燃ごみ
ビーズクッション,不燃ごみ
ピータイル,不燃ごみ
ビー玉,不燃ごみ
ビーチサンダル,不燃ごみ
ビーチボール,不燃ごみ
VICSユニット,不燃ごみ，小型家電
ビデオカメラ,不燃ごみ，小型家電
ビデオデッキ,不燃ごみ，小型家電
ビデオテープ,可燃ごみ
ビート板,不燃ごみ
雛人形,不燃ごみ
ビニールカーペット,不燃ごみ
ビニール傘,不燃ごみ
ビニールカッパ,不燃ごみ
ビニールサンダル,不燃ごみ
ビニールシート（レジャーシート，ブルーシート）,不燃ごみ
ビニールテープ：梱包用,不燃ごみ
ビニールテープ：粘着テープ,可燃ごみ
ビニールテーブルクロス,不燃ごみ
ビニール手袋,不燃ごみ
ビニールハウス：農家から排出,収集できないごみ
ビニールハウス：家庭菜園等,不燃ごみ
ビニールバッグ,不燃ごみ
ビニール紐,不燃ごみ
ビニール袋,容器包装プラスチック類
ビニール風呂敷,不燃ごみ
ビニールホース,不燃ごみ
火鉢,不燃ごみ
PPバンド,不燃ごみ
ひも（すずらんテープ，PPバンド）,不燃ごみ
ひも（糸をよったもの）,可燃ごみ
百科事典,資源品（雑誌・ざつ紙類）
肥料：固形,可燃ごみ
肥料：液体,可燃ごみ
ビン：飲料水や食品用,資源品（空ビン類）
ビン：飲み薬，ドリンク剤用,資源品（空ビン類）
ビン：化粧品，薬剤用,不燃ごみ
ビン：果実酒用,不燃ごみ
ピンセット（金属製）,資源品（金属類）（空カン袋）
便箋,資源品（雑誌・ざつ紙類）
ビンのふた：金属製，王冠,資源品（金属類）（空カン袋）
ビンのふた：プラスチック製,容器包装プラスチック類
ファイル：紙製,資源品（雑誌・ざつ紙類）
ファイル：プラスチック製,不燃ごみ
ファックス（ファクシミリ）,不燃ごみ，小型家電
ファックス用インクリボン,可燃ごみ
ファックス用紙（感熱紙）,可燃ごみ
ファンデーションのケース,不燃ごみ
ファンヒーター：石油,資源品（金属類）
ファンヒーター：セラミック/本体が金属製,資源品（金属類）
ファンヒーター：セラミック/本体がプラスチック製,不燃ごみ
ファンヒーター：電気/本体が金属製,資源品（金属類）
ファンヒーター：電気/本体がプラスチック製,不燃ごみ
フィルム：現像したもの,不燃ごみ
フィルム：現像前のもの,不燃ごみ
風船,可燃ごみ
封筒,資源品（雑誌・ざつ紙類）
風鈴：金属製,資源品（金属類）（空カン袋）
風鈴：ガラス製，陶器製,不燃ごみ
フォーク：金属製,資源品（金属類）（空カン袋）
フォーク：プラスチック製,不燃ごみ
不織布,可燃ごみ
ブースター,不燃ごみ
ふすま,不燃ごみ
ふすま紙,可燃ごみ
付箋紙（ポストイットなど）,資源品（雑誌・ざつ紙類）
プチプチ（気泡かんしょう材）,容器包装プラスチック類
ブーツ,不燃ごみ
ブックスタンド：金属製,資源品（金属類）
ブックスタンド：プラスチック製,不燃ごみ
仏壇,収集できないごみ
筆,可燃ごみ
フードドライヤー：本体が金属製,資源品（金属類）
フードドライヤー：本体が金属製以外,不燃ごみ
布団,粗大ごみ
布団圧縮袋,不燃ごみ
布団カバー,資源品（古着・古布類）
布団乾燥機,不燃ごみ
布団たたき,不燃ごみ
布団袋,資源品（古着・古布類）
腐葉土,収集できないごみ
フライ返し：金属製,資源品（金属類）
フライ返し：プラスチック製,不燃ごみ
フライパン,資源品（金属類）
ブラインド：金属製,資源品（金属類）
ブラインド：プラスチック製,不燃ごみ
プラグ・ジャック,不燃ごみ，小型家電
ぶら下がり健康器,資源品（金属類）
ブラシ：髪，衣類，トイレ用,不燃ごみ
ブラシ：歯ブラシ，風呂用,不燃ごみ
プラスチック製収納ケース,不燃ごみ
プラスチック製うちわ,不燃ごみ
プラズマテレビ,収集できないごみ
フラフープ,不燃ごみ
プラモデル,不燃ごみ
フラワーポット：プランターなど購入したもの,不燃ごみ
フラワーポット：買った草花が入っていたもの,容器包装プラスチック類
ブランケット,資源品（古着・古布類）
ブランコ：金属製,資源品（金属類）
ブランコ：金属製以外,不燃ごみ
プランター,不燃ごみ
ブリキ製品（板，おもちゃなど）,資源品（金属類）
プリンター,不燃ごみ
プリンターカートリッジ,不燃ごみ
プリペイドカード,可燃ごみ
プール（幼児用）,不燃ごみ
ブルーシート,不燃ごみ
プルームテック（加熱式たばこ）：本体,有害ごみ
プルームテック（加熱式たばこ）：カートリッジ,不燃ごみ
プルームテック（加熱式たばこ）：たばこカプセル,不燃ごみ
ブルーレイディスク,不燃ごみ
ブルーレイディスクレコーダー,不燃ごみ，小型家電
フロアクッション,不燃ごみ
プロジェクター,不燃ごみ
風呂敷：布製,資源品（古着・古布類）
風呂敷：ビニール製,不燃ごみ
ブロック（おもちゃ）,不燃ごみ
ブロック（自己施工したもの）,収集できないごみ
フロッピーディスク,不燃ごみ
フロッピーディスクケース,不燃ごみ
プロパンガスボンベ,収集できないごみ
風呂用品：浴槽（プラスチック製･木製）,粗大ごみ
風呂用品：浴槽（金属製･ホウロウ製）,資源品（金属類）
風呂用品：洗面器,不燃ごみ
風呂用品：マット，すのこ，ふた,不燃ごみ
風呂用品：風呂掃除用のくつ,不燃ごみ
ブロンズ像,資源品（金属類）
糞（ペットのもの）,可燃ごみ
文鎮：金属製,資源品（金属類）（空カン袋）
文鎮：ガラス製,不燃ごみ
ヘアーアイロン,不燃ごみ，小型家電
ヘアスプレー：金属製,資源品（空カン類）
ヘアスプレー：プラスチック製,容器包装プラスチック類
ヘアードライヤー,不燃ごみ，小型家電
ベッド：木製（枠）,粗大ごみ
ベッド：金属製（パイプベッド）,資源品（金属類）
ペットケージ（ペットサークル）：金属製,資源品（金属類）
ペットケージ（ペットサークル）：プラスチック製,不燃ごみ
ペットの糞,可燃ごみ
ベッドパッド,不燃ごみ
PETボトル：PETボトル本体,資源品（PETボトル）
PETボトル：ふた,容器包装プラスチック類
PETボトル：ラベル,容器包装プラスチック類
ヘッドホン,不燃ごみ，小型家電
ベビー椅子：足などが金属製,資源品（金属類）
ベビー椅子：木製，プラスチック製,不燃ごみ
ベビーカー：フレームが金属製,資源品（金属類）
ベビーカー：フレームがプラスチック製,不燃ごみ
ベビーバス,不燃ごみ
ベビーフェンス（ベビーサークル）：金属製,資源品（金属類）
ベビーフェンス（ベビーサークル）：プラスチック製,不燃ごみ
ベビー布団,粗大ごみ
ベビーベッド,粗大ごみ
ベビーラック,不燃ごみ
へら（調理用）：金属製,資源品（金属類）（空カン袋）
へら（調理用）：木製,可燃ごみ
へら（調理用）：シリコン製，プラスチック製,不燃ごみ
ヘルスメーター,資源品（金属類）
ベルト,不燃ごみ
ヘルメット,不燃ごみ
ペンキ：少量,可燃ごみ
ペンキ：多量,収集できないごみ
ペンキの缶,資源品（空カン類）
便座,不燃ごみ
便座カバー,可燃ごみ
ベンチ：金属製,資源品（金属類）
ベンチ：金属製以外,粗大ごみ
ペンチ,資源品（金属類）（空カン袋）
弁当箱：ランチジャー,不燃ごみ
弁当箱：金属製,資源品（金属類）（空カン袋）
弁当箱：持ち帰り弁当（プラスチック製）,容器包装プラスチック類
弁当箱：持ち帰り弁当（紙製）,可燃ごみ
ボアシーツ：一枚もの,資源品（古着・古布類）
ボアシーツ：キルティング加工したもの（敷きパッド）,不燃ごみ
ホイル（アルミ箔）（きれいなもの）,資源品（金属類）（空カン袋）
ホイール（車用）,資源品（金属類）
望遠鏡：金属製,資源品（金属類）
望遠鏡：プラスチック製,不燃ごみ
ほうき,不燃ごみ
防具（剣道など）,不燃ごみ
帽子：布製,資源品（古着・古布類）
帽子：麦わら帽子,可燃ごみ
帽子：サンバイザー,不燃ごみ
帽子：革製,資源品（古着・古布類）
包装紙,資源品（雑誌・ざつ紙類）
防虫剤（衣類用）：紙包み,可燃ごみ
防虫剤（衣類用）：プラケース入り,不燃ごみ
包丁,資源品（金属類）（空カン袋）
包丁とぎ器,不燃ごみ
防犯砂利,収集できないごみ
ボウリングの玉,収集できないごみ
ボウル：ガラス製,不燃ごみ
ボウル：プラスチック製,不燃ごみ
ボウル：金属製,資源品（金属類）
ホウロウ鍋,資源品（金属類）
墨汁の容器,容器包装プラスチック類
木刀,不燃ごみ
歩行器：金属製,資源品（金属類）
歩行器：プラスチック製,不燃ごみ
ホース（ゴムホース，ビニールホース）,不燃ごみ
ポスター,資源品（雑誌・ざつ紙類）
ホースリール：金属製,資源品（金属類）
ホースリール：プラスチック製,不燃ごみ
ポータブルテレビ（電池式）,不燃ごみ，小型家電
ポータブル電源（バッテリー）：バッテリー液を用いないもの,有害ごみ
ポータブル電源（バッテリー）：バッテリー液を用いるもの,収集できないごみ
ポータブルトイレ,不燃ごみ
ポータブルミシン,資源品（金属類）
ボタン電池,有害ごみ
補聴器,不燃ごみ，小型家電
ホッチキス,資源品（金属類）（空カン袋）
ホッチキスの針,可燃ごみ
ポット（魔法瓶，電気ポットとも）,不燃ごみ
ホットカーペット,不燃ごみ
ホットプレート,資源品（金属類）
ポテトチップスの袋,容器包装プラスチック類
ポテトチップスの紙筒,可燃ごみ
ポテトチップスの容器（紙筒で底が金属）,可燃ごみ
ほ乳瓶（プラスチック製，ガラス製とも）,不燃ごみ
ホームベーカリー,不燃ごみ
ポリタンク,不燃ごみ
ポリバケツ,不燃ごみ
ポリ袋,容器包装プラスチック類
ボール（野球，テニス，サッカー等）,不燃ごみ
ボール紙,資源品（雑誌・ざつ紙類）
ボルト（ナット）,資源品（金属類）（空カン袋）
ボールペン,不燃ごみ
保冷庫,収集できないごみ
保冷剤（ゼリータイプ）,可燃ごみ
ホワイトガソリン,収集できないごみ
ホワイトボード,不燃ごみ
本（単行本，文庫本とも）,資源品（雑誌・ざつ紙類）
本棚：金属製,資源品（金属類）
本棚：木製,粗大ごみ
ボンド（少量）,可燃ごみ
ポンプ(井戸用等金属製）,資源品（金属類）
ボンベ缶（カセットコンロ用）,資源品（空カン類）
マイク：金属製,資源品（金属類）（空カン袋）
マイク：プラスチック製,不燃ごみ
マウス（パソコンの付属品）,不燃ごみ，小型家電
マウスパッド,不燃ごみ
マガジンラック：金属製,資源品（金属類）
マガジンラック：紙製,資源品（雑誌・ざつ紙類）
マガジンラック：プラスチック製,不燃ごみ
マーガリンの容器,容器包装プラスチック類
巻きす,不燃ごみ
マグネット,不燃ごみ
マグネットシート,可燃ごみ
枕,不燃ごみ
まごの手,可燃ごみ
マジックペン,不燃ごみ
麻雀卓,不燃ごみ
麻雀パイ，マット,不燃ごみ
マスク,可燃ごみ
マッサージ器,不燃ごみ
マッサージ椅子,粗大ごみ
マッチ,可燃ごみ
マット（布製，ビニール製とも）,不燃ごみ
マットレス：スプリング入り,粗大ごみ
マットレス：スプリングなし,不燃ごみ
窓枠：アルミ枠のみ,資源品（金属類）
窓枠：ガラスのみ,不燃ごみ
窓枠：ガラス付アルミ枠,不燃ごみ
まな板（木製，プラスチック製とも）,不燃ごみ
マニキュアのびん,不燃ごみ
マネキン,不燃ごみ
マフラー（えりまき）,資源品（古着・古布類）
魔法瓶,不燃ごみ
豆電球：白熱球,不燃ごみ
豆電球：LED球,不燃ごみ
豆電球：蛍光球,有害ごみ
マヨネーズチューブ,容器包装プラスチック類
万歩計,不燃ごみ
ミキサー,不燃ごみ
ミシン：ポータブルミシン,資源品（金属類）
ミシン：金属製足踏みミシン,資源品（金属類）
ミシン糸,不燃ごみ
ミシンのカバー（ポータブルミシン）,不燃ごみ
水着,資源品（古着・古布類）
水切りかご：プラスチック製,不燃ごみ
水切りかご：金属製,資源品（金属類）
水切りワイパー：金属製,資源品（金属類）
水切りワイパー：プラスチック製,不燃ごみ
味噌の容器：プラスチック容器,容器包装プラスチック類
味噌の容器：プラスチック製の袋,容器包装プラスチック類
味噌汁椀：漆器,可燃ごみ
味噌汁椀：合成樹脂,不燃ごみ
ミニカー：プラスチック製,不燃ごみ
ミニカー：金属製,資源品（金属類）（空カン袋）
ミニコンポ,不燃ごみ
耳掻き：竹製,可燃ごみ
耳掻き：プラスチック製,不燃ごみ
耳掻き：金属製,資源品（金属類）（空カン袋）
みりんの容器：プラスチックボトル,容器包装プラスチック類
みりんの容器：PETボトル,資源品（PETボトル）
無圧ふとん,不燃ごみ
麦わら帽子,可燃ごみ
虫かご：竹製,可燃ごみ
虫かご：プラスチック製,不燃ごみ
虫かご：金属製,資源品（金属類）
蒸し器,資源品（金属類）
虫取り網,不燃ごみ
虫眼鏡,不燃ごみ
むしろ,不燃ごみ
むしろ（小さく切ったもの）,可燃ごみ
無線機,不燃ごみ，小型家電
ムートン：敷物,不燃ごみ
ムートン：着衣・寝具,資源品（古着・古布類）
名刺,資源品（雑誌・ざつ紙類）
眼鏡,不燃ごみ
眼鏡洗浄機,不燃ごみ
メジャー（巻き尺）,不燃ごみ
メダル：金属製,資源品（金属類）
メダル：プラスチック製,不燃ごみ
メモ用紙,資源品（雑誌・ざつ紙類）
メモリーカード,不燃ごみ，小型家電
綿棒,可燃ごみ
毛布：普通のもの，2枚合わせのもの,資源品（古着・古布類）
毛布：キルティング加工したもの,不燃ごみ
毛布：電気毛布,不燃ごみ
木材：板（長さ1.2m未満かつ厚さ5cm以内）,不燃ごみ
木材：角材（長さ1.2m未満かつ厚さ10cm）,不燃ごみ
木材：棒（長さ1.2m未満かつ厚さ5cm以内）,不燃ごみ
木製家具：1辺1.2m未満,不燃ごみ
木製家具：1辺1.2m以上,粗大ごみ
木製パレット,収集できないごみ
木炭,可燃ごみ
モップ,不燃ごみ
モデム,不燃ごみ
モデルガン：金属製,資源品（金属類）
モデルガン：プラスチック製,不燃ごみ
物置（金属製）,資源品（金属類）
物干し竿：プラスチック製,不燃ごみ
物干し竿：金属製,資源品（金属類）
物干し台,粗大ごみ
やかん,資源品（金属類）
焼き鳥の串,可燃ごみ
薬品のビン,不燃ごみ
薬品類,収集できないごみ
柳行李,不燃ごみ
USBメモリー,不燃ごみ，小型家電
浴衣,資源品（古着・古布類）
湯たんぽ：プラスチック製,不燃ごみ
湯たんぽ：金属製,資源品（金属類）
ユニフォーム,資源品（古着・古布類）
湯のみ茶碗,不燃ごみ
ゆりかご（ベビーラック）,不燃ごみ
湯沸し器,資源品（金属類）
楊枝,可燃ごみ
洋ダンス：1辺1.2m未満,不燃ごみ
洋ダンス：1辺1.2m以上,粗大ごみ
洋服,資源品（古着・古布類）
浴槽：金属製・ホウロウ製,資源品（金属類）
浴槽：プラスチック製・木製,粗大ごみ
ヨーグルト・ヤクルトのふた（アルミ）,可燃ごみ
ヨーグルト・ヤクルトのふた（プラスチック製）,容器包装プラスチック類
ヨーグルトの容器：プラスチック製,容器包装プラスチック類
ヨーグルトの容器：紙製,可燃ごみ
よしず,不燃ごみ
ヨーヨー：金属製,資源品（金属類）
ヨーヨー：プラスチック製,不燃ごみ
ライター,有害ごみ
ライティングデスク,粗大ごみ
ラグマット,不燃ごみ
ラジオ,不燃ごみ，小型家電
ラジカセ,不燃ごみ，小型家電
ラジコン,不燃ごみ
ラティス,不燃ごみ
ラップ（食品ラップ）：野菜を包んでいたもの,容器包装プラスチック類
ラップ（食品ラップ）：肉や惣菜のトレイにかかっていたもの,容器包装プラスチック類
ラップ（食品ラップ）：家庭で使ったもの,容器包装プラスチック類
ラップの芯,可燃ごみ
ラミネート加工の紙,可燃ごみ
LANケーブル,不燃ごみ，小型家電
ランドセル,不燃ごみ
ランプ,不燃ごみ
リカービン,不燃ごみ
リコーダー（縦笛）,不燃ごみ
リチウムイオン電池,有害ごみ
リボン（包装用）,可燃ごみ
リモコン,不燃ごみ，小型家電
リヤカー,資源品（金属類）
リュックサック,不燃ごみ
リール：糸つき,不燃ごみ
リール：糸をとったもの,資源品（金属類）（空カン袋）
ルーズリーフ,資源品（雑誌・ざつ紙類）
ルーター,不燃ごみ
ルーフボックス,粗大ごみ
ルームランナー,資源品（金属類）
冷温庫,収集できないごみ
冷蔵庫,収集できないごみ
冷凍庫,収集できないごみ
冷凍食品の袋,容器包装プラスチック類
冷風機,不燃ごみ
レインコート,資源品（古着・古布類）
レコード,不燃ごみ
レコードジャケット,資源品（雑誌・ざつ紙類）
レコードプレーヤー,不燃ごみ
レザーの衣類,資源品（古着・古布類）
レザーコート,資源品（古着・古布類）
レザージャケット,資源品（古着・古布類）
レザーパンツ,資源品（古着・古布類）
レシート,可燃ごみ
レジ袋,容器包装プラスチック類
レジャーシート,不燃ごみ
レース（テーブルクロス，カーテン等）,資源品（古着・古布類）
レトルトパック（カレー，中華材料など）,容器包装プラスチック類
レンガ（自己施工したもの）,収集できないごみ
レンジ台,資源品（金属類）
レンズ,不燃ごみ
煉炭,可燃ごみ
老眼鏡,不燃ごみ
ろうそく,可燃ごみ
ろうびき紙,可燃ごみ
ロデオマシーン,粗大ごみ
ロープ（ビニール製）,不燃ごみ
ローラースケート,不燃ごみ
ロールカーテン,不燃ごみ
ワイパー（水切りワイパー）：金属製,資源品（金属類）
ワイパー（水切りワイパー）：プラスチック製,不燃ごみ
ワイパーゴム（車用）,不燃ごみ
ワインセラー・ワインクーラー,収集できないごみ
輪ゴム,可燃ごみ
和紙,可燃ごみ
綿：少量,可燃ごみ
綿：多量,粗大ごみ
和ダンス：1辺1.2m未満,不燃ごみ
和ダンス：1辺1.2m以上,粗大ごみ
ワッペン,可燃ごみ
和服,資源品（古着・古布類）
ワープロ,不燃ごみ，小型家電
ワープロリボン,不燃ごみ
割り箸,可燃ごみ
椀，味噌汁椀：漆器,可燃ごみ
椀，味噌汁椀：合成樹脂,不燃ごみ
ワンカップ酒のビン,資源品（空ビン類）
腕章,可燃ごみ
ワンダーコア,資源品（金属類）
